{
  "loss": [
    0.14865443110466003,
    0.07699427008628845,
    0.06460840255022049,
    0.05572518706321716,
    0.05017995461821556,
    0.048055391758680344,
    0.04822762310504913,
    0.04649693891406059,
    0.045959483832120895,
    0.0458047054708004,
    0.044299881905317307,
    0.04446125775575638,
    0.0445002056658268,
    0.043840859085321426,
    0.043930452316999435,
    0.04258900135755539,
    0.04220740869641304,
    0.0421549454331398,
    0.042345575988292694,
    0.04177272319793701,
    0.04104875028133392,
    0.0418265238404274,
    0.04098397120833397,
    0.041256994009017944,
    0.04082206264138222,
    0.040862344205379486,
    0.0404360368847847,
    0.040248554199934006,
    0.040162358433008194,
    0.040665071457624435
  ],
  "accuracy": [
    0.9467708468437195,
    0.9643750190734863,
    0.971875011920929,
    0.9752604365348816,
    0.9788541793823242,
    0.9786978960037231,
    0.9804166555404663,
    0.9794270992279053,
    0.9799479246139526,
    0.9793229103088379,
    0.9805208444595337,
    0.9805729389190674,
    0.9813020825386047,
    0.9821875095367432,
    0.9811978936195374,
    0.9829687476158142,
    0.9821875095367432,
    0.9829687476158142,
    0.9824479222297668,
    0.9832291603088379,
    0.9823958277702332,
    0.9823437333106995,
    0.9828645586967468,
    0.9829166531562805,
    0.9835416674613953,
    0.983593761920929,
    0.9834895730018616,
    0.9835416674613953,
    0.9836978912353516,
    0.9834895730018616
  ],
  "val_loss": [
    0.08040070533752441,
    0.0690470039844513,
    0.05484014004468918,
    0.0648721233010292,
    0.05209030210971832,
    0.053969886153936386,
    0.04532049223780632,
    0.045996829867362976,
    0.04442231357097626,
    0.04575939103960991,
    0.04509149119257927,
    0.048877399414777756,
    0.042514633387327194,
    0.044260408729314804,
    0.04416846111416817,
    0.041689712554216385,
    0.04417677968740463,
    0.04219316691160202,
    0.04134620726108551,
    0.04135661572217941,
    0.04364732280373573,
    0.042852193117141724,
    0.04211721569299698,
    0.046850647777318954,
    0.04090288653969765,
    0.04158820956945419,
    0.04154011234641075,
    0.04408244788646698,
    0.04159754887223244,
    0.041050076484680176
  ],
  "val_accuracy": [
    0.9624999761581421,
    0.9624999761581421,
    0.9770833253860474,
    0.96875,
    0.9820833206176758,
    0.9770833253860474,
    0.9820833206176758,
    0.9770833253860474,
    0.9820833206176758,
    0.9770833253860474,
    0.9820833206176758,
    0.9737499952316284,
    0.9820833206176758,
    0.9820833206176758,
    0.9820833206176758,
    0.9820833206176758,
    0.9820833206176758,
    0.9820833206176758,
    0.9820833206176758,
    0.9820833206176758,
    0.9820833206176758,
    0.9770833253860474,
    0.9820833206176758,
    0.9737499952316284,
    0.9820833206176758,
    0.9820833206176758,
    0.9820833206176758,
    0.9820833206176758,
    0.9820833206176758,
    0.9820833206176758
  ],
  "epochs": 30
}